Github Organizations,Topics,Github Projects,Topics,Github Builders,Topics
https://github.com/RSSNext,EVM,,,,
https://github.com/cryptocoinjs,EVM,,,,
https://github.com/berachain,EVM,,,,
https://github.com/projectopensea,EVM,,,,
https://github.com/a16z,EVM,,,,
https://github.com/cosmos,COSMOS,,,,
https://github.com/WTFAcademy/,EVM,,,,
https://github.com/lbc-team,EVM,,,,
https://github.com/BeWaterXYZ/,Other,,,,
https://github.com/ton-blockchain,Ton,,,,
https://github.com/trustwallet,EVM,,,,
https://github.com/stellar,Other,,,,
https://github.com/trezor,Other,,,,
